Alert ID,Ticker,Description,Time
88716582,"NSE:BANKNIFTY, 1m","BANKNIFTY, 1 Crossing Up CPR BY KGS TRICKS PDH Buy: 21576.5",2020-08-05T08:57:49.000Z
88716582,"NSE:BANKNIFTY, 1m","BANKNIFTY, 1 Crossing Up CPR BY KGS TRICKS PDH Buy: 21580.9",2020-08-05T08:45:00.000Z
88716582,"NSE:BANKNIFTY, 1m","BANKNIFTY, 1 Crossing Up CPR BY KGS TRICKS PDH Buy: 21576.4",2020-08-05T08:44:57.000Z
88716582,"NSE:BANKNIFTY, 1m","BANKNIFTY, 1 Crossing Up CPR BY KGS TRICKS PDH Buy: 21580.9",2020-08-05T08:43:37.000Z
88716582,"NSE:BANKNIFTY, 1m","BANKNIFTY, 1 Crossing Up CPR BY KGS TRICKS PDH Buy: 21576.55",2020-08-05T08:42:21.000Z
88716582,"NSE:BANKNIFTY, 1m","BANKNIFTY, 1 Crossing Up CPR BY KGS TRICKS PDH Buy: 21578.3",2020-08-05T08:41:02.000Z
88716582,"NSE:BANKNIFTY, 1m","BANKNIFTY, 1 Crossing Up CPR BY KGS TRICKS PDH Buy: 21580.1",2020-08-05T08:35:15.000Z
88716582,"NSE:BANKNIFTY, 1m","BANKNIFTY, 1 Crossing Up CPR BY KGS TRICKS PDH Buy: 21576.95",2020-08-05T08:31:41.000Z
88716582,"NSE:BANKNIFTY, 1m","BANKNIFTY, 1 Crossing Up CPR BY KGS TRICKS PDH Buy: 21576.65",2020-08-05T08:30:06.000Z
88716582,"NSE:BANKNIFTY, 1m","BANKNIFTY, 1 Crossing Up CPR BY KGS TRICKS PDH Buy: 21577.5",2020-08-05T08:18:26.000Z
88716582,"NSE:BANKNIFTY, 1m","BANKNIFTY, 1 Crossing Up CPR BY KGS TRICKS PDH Buy: 21578.05",2020-08-05T08:12:01.000Z
88716582,"NSE:BANKNIFTY, 1m","BANKNIFTY, 1 Crossing Up CPR BY KGS TRICKS PDH Buy: 21577.65",2020-08-05T08:11:55.000Z
88716582,"NSE:BANKNIFTY, 1m","BANKNIFTY, 1 Crossing Up CPR BY KGS TRICKS PDH Buy: 21577.1",2020-08-05T08:10:20.000Z
88716582,"NSE:BANKNIFTY, 1m","BANKNIFTY, 1 Crossing Up CPR BY KGS TRICKS PDH Buy: 21576.95",2020-08-05T08:09:32.000Z
88716582,"NSE:BANKNIFTY, 1m","BANKNIFTY, 1 Crossing Up CPR BY KGS TRICKS PDH Buy: 21579.15",2020-08-05T08:04:22.000Z
88716582,"NSE:BANKNIFTY, 1m","BANKNIFTY, 1 Crossing Up CPR BY KGS TRICKS PDH Buy: 21576.45",2020-08-05T08:03:08.000Z
88716582,"NSE:BANKNIFTY, 1m","BANKNIFTY, 1 Crossing Up CPR BY KGS TRICKS PDH Buy: 21577.8",2020-08-05T08:02:13.000Z
88716582,"NSE:BANKNIFTY, 1m","BANKNIFTY, 1 Crossing Up CPR BY KGS TRICKS PDH Buy: 21578.85",2020-08-05T07:44:26.000Z
88722057,"NSE:BANKNIFTY, 1m","BANKNIFTY, 1 Crossing Down CPR BY KGS TRICKS R1 21688.8",2020-08-05T07:36:03.000Z
88711762,"NSE:BANKNIFTY, 1m","BANKNIFTY, 1 Crossing Up CPR BY KGS TRICKS R1 21690.6",2020-08-05T07:36:01.000Z
88722057,"NSE:BANKNIFTY, 1m","BANKNIFTY, 1 Crossing Down CPR BY KGS TRICKS R1 21689.85",2020-08-05T07:35:37.000Z
88711762,"NSE:BANKNIFTY, 1m","BANKNIFTY, 1 Crossing Up CPR BY KGS TRICKS R1 21691.4",2020-08-05T07:35:15.000Z
88722057,"NSE:BANKNIFTY, 1m","BANKNIFTY, 1 Crossing Down CPR BY KGS TRICKS R1 21689.3",2020-08-05T07:34:08.000Z
88711762,"NSE:BANKNIFTY, 1m","BANKNIFTY, 1 Crossing Up CPR BY KGS TRICKS R1 21690.3",2020-08-05T07:34:06.000Z
88722057,"NSE:BANKNIFTY, 1m","BANKNIFTY, 1 Crossing Down CPR BY KGS TRICKS R1 21689.2",2020-08-05T07:33:48.000Z
88711762,"NSE:BANKNIFTY, 1m","BANKNIFTY, 1 Crossing Up CPR BY KGS TRICKS R1 21694.7",2020-08-05T07:33:45.000Z
88711762,"NSE:BANKNIFTY, 1m","BANKNIFTY, 1 Crossing Up CPR BY KGS TRICKS R1 21692",2020-08-05T07:12:01.000Z
88722057,"NSE:BANKNIFTY, 1m","BANKNIFTY, 1 Crossing Down CPR BY KGS TRICKS R1 21687.65",2020-08-05T07:12:00.000Z
88711762,"NSE:BANKNIFTY, 1m","BANKNIFTY, 1 Crossing Up CPR BY KGS TRICKS R1 21693",2020-08-05T07:11:54.000Z
88716582,"NSE:BANKNIFTY, 1m","BANKNIFTY, 1 Crossing Up CPR BY KGS TRICKS PDH Buy: 21576.75",2020-08-05T06:54:48.000Z
88716582,"NSE:BANKNIFTY, 1m","BANKNIFTY, 1 Crossing Up CPR BY KGS TRICKS PDH Buy: 21580.35",2020-08-05T06:38:24.000Z
88716582,"NSE:BANKNIFTY, 1m","BANKNIFTY, 1 Crossing Up CPR BY KGS TRICKS PDH Buy: 21576.55",2020-08-05T06:32:33.000Z
88716582,"NSE:BANKNIFTY, 1m","BANKNIFTY, 1 Crossing Up CPR BY KGS TRICKS PDH Buy: 21584.75",2020-08-05T06:28:12.000Z
88716582,"NSE:BANKNIFTY, 1m","BANKNIFTY, 1 Crossing Up CPR BY KGS TRICKS PDH Buy: 21585.2",2020-08-05T06:27:47.000Z
88711762,"NSE:BANKNIFTY, 1m","BANKNIFTY, 1 Crossing Up CPR BY KGS TRICKS R1 21690.3",2020-08-05T06:27:18.000Z
88722057,"NSE:BANKNIFTY, 1m","BANKNIFTY, 1 Crossing Down CPR BY KGS TRICKS R1 21689.3",2020-08-05T06:27:11.000Z
88711762,"NSE:BANKNIFTY, 1m","BANKNIFTY, 1 Crossing Up CPR BY KGS TRICKS R1 21693.55",2020-08-05T06:20:07.000Z
88722057,"NSE:BANKNIFTY, 1m","BANKNIFTY, 1 Crossing Down CPR BY KGS TRICKS R1 21688.85",2020-08-05T06:20:05.000Z
88722057,"NSE:BANKNIFTY, 1m","BANKNIFTY, 1 Crossing Down CPR BY KGS TRICKS R1 21686.5",2020-08-05T06:19:33.000Z
88711762,"NSE:BANKNIFTY, 1m","BANKNIFTY, 1 Crossing Up CPR BY KGS TRICKS R1 21690.2",2020-08-05T06:19:31.000Z
88711762,"NSE:BANKNIFTY, 1m","BANKNIFTY, 1 Crossing Up CPR BY KGS TRICKS R1 21692.6",2020-08-05T06:18:01.000Z
88722057,"NSE:BANKNIFTY, 1m","BANKNIFTY, 1 Crossing Down CPR BY KGS TRICKS R1 21688.95",2020-08-05T06:18:00.000Z
88722057,"NSE:BANKNIFTY, 1m","BANKNIFTY, 1 Crossing Down CPR BY KGS TRICKS R1 21689.75",2020-08-05T06:17:52.000Z
88711762,"NSE:BANKNIFTY, 1m","BANKNIFTY, 1 Crossing Up CPR BY KGS TRICKS R1 21693.7",2020-08-05T06:17:50.000Z
88711762,"NSE:BANKNIFTY, 1m","BANKNIFTY, 1 Crossing Up CPR BY KGS TRICKS R1 21697.05",2020-08-05T06:16:28.000Z
88722057,"NSE:BANKNIFTY, 1m","BANKNIFTY, 1 Crossing Down CPR BY KGS TRICKS R1 21688.7",2020-08-05T06:16:22.000Z
88716432,"NSE:BANKNIFTY, 1m","BANKNIFTY, 1 Crossing Up CPR BY KGS TRICKS R2 Sell: 21893.25",2020-08-05T05:45:00.000Z
88716432,"NSE:BANKNIFTY, 1m","BANKNIFTY, 1 Crossing Up CPR BY KGS TRICKS R2 Sell: 21892.8",2020-08-05T05:40:14.000Z
88716432,"NSE:BANKNIFTY, 1m","BANKNIFTY, 1 Crossing Up CPR BY KGS TRICKS R2 Sell: 21892.6",2020-08-05T05:39:20.000Z
88716432,"NSE:BANKNIFTY, 1m","BANKNIFTY, 1 Crossing Up CPR BY KGS TRICKS R2 Sell: 21892.75",2020-08-05T05:28:36.000Z
88716432,"NSE:BANKNIFTY, 1m","BANKNIFTY, 1 Crossing Up CPR BY KGS TRICKS R2 Sell: 21892.9",2020-08-05T05:26:34.000Z
88716432,"NSE:BANKNIFTY, 1m","BANKNIFTY, 1 Crossing Up CPR BY KGS TRICKS R2 Sell: 21892.6",2020-08-05T05:21:17.000Z
88716432,"NSE:BANKNIFTY, 1m","BANKNIFTY, 1 Crossing Up CPR BY KGS TRICKS R2 Sell: 21892.75",2020-08-05T04:51:08.000Z
88716432,"NSE:BANKNIFTY, 1m","BANKNIFTY, 1 Crossing Up CPR BY KGS TRICKS R2 Sell: 21894.85",2020-08-05T04:50:08.000Z
88716432,"NSE:BANKNIFTY, 1m","BANKNIFTY, 1 Crossing Up CPR BY KGS TRICKS R2 Sell: 21899.55",2020-08-05T04:45:29.000Z
88716432,"NSE:BANKNIFTY, 1m","BANKNIFTY, 1 Crossing Up CPR BY KGS TRICKS R2 Sell: 21892.9",2020-08-05T04:40:39.000Z
88716432,"NSE:BANKNIFTY, 1m","BANKNIFTY, 1 Crossing Up CPR BY KGS TRICKS R2 Sell: 21893.3",2020-08-05T04:31:27.000Z
88716432,"NSE:BANKNIFTY, 1m","BANKNIFTY, 1 Crossing Up CPR BY KGS TRICKS R2 Sell: 21894.8",2020-08-05T04:30:45.000Z
88716432,"NSE:BANKNIFTY, 1m","BANKNIFTY, 1 Crossing Up CPR BY KGS TRICKS R2 Sell: 21892.55",2020-08-05T04:25:22.000Z
88716432,"NSE:BANKNIFTY, 1m","BANKNIFTY, 1 Crossing Up CPR BY KGS TRICKS R2 Sell: 21901.95",2020-08-05T04:20:10.000Z
88711762,"NSE:BANKNIFTY, 1m","BANKNIFTY, 1 Crossing Up CPR BY KGS TRICKS R1 21690.2",2020-08-05T03:49:15.000Z
88711762,"NSE:BANKNIFTY, 1m","BANKNIFTY, 1 Crossing Up CPR BY KGS TRICKS R1 21691.45",2020-08-05T03:48:46.000Z
88722057,"NSE:BANKNIFTY, 1m","BANKNIFTY, 1 Crossing Down CPR BY KGS TRICKS R1 21688.5",2020-08-05T03:48:36.000Z
88711762,"NSE:BANKNIFTY, 1m","BANKNIFTY, 1 Crossing Up CPR BY KGS TRICKS R1 21692.7",2020-08-05T03:47:18.000Z
88722057,"NSE:BANKNIFTY, 1m","BANKNIFTY, 1 Crossing Down CPR BY KGS TRICKS R1 21689.7",2020-08-05T03:47:17.000Z
88711762,"NSE:BANKNIFTY, 1m","BANKNIFTY, 1 Crossing Up CPR BY KGS TRICKS R1 21695.1",2020-08-05T03:46:41.000Z
88722057,"NSE:BANKNIFTY, 1m","BANKNIFTY, 1 Crossing Down CPR BY KGS TRICKS R1 21689.4",2020-08-05T03:46:40.000Z
88711762,"NSE:BANKNIFTY, 1m","BANKNIFTY, 1 Crossing Up CPR BY KGS TRICKS R1 21702.8",2020-08-05T03:45:08.000Z
88722057,"NSE:BANKNIFTY, 1m","BANKNIFTY, 1 Crossing Down CPR BY KGS TRICKS R1 21680.95",2020-08-05T03:45:01.000Z
88716582,"NSE:BANKNIFTY, 1m","BANKNIFTY, 1 Crossing Up CPR BY KGS TRICKS PDH Buy: 21686.85",2020-08-05T03:37:22.000Z
88716582,"NSE:BANKNIFTY, 1m","BANKNIFTY, 1 Crossing Up CPR BY KGS TRICKS PDH Buy: 21544.7",2020-08-04T09:25:00.000Z
88716582,"NSE:BANKNIFTY, 1m","BANKNIFTY, 1 Crossing Up CPR BY KGS TRICKS PDH Buy: 21544",2020-08-04T09:24:08.000Z
88716582,"NSE:BANKNIFTY, 1m","BANKNIFTY, 1 Crossing Up CPR BY KGS TRICKS PDH Buy: 21543.95",2020-08-04T09:23:43.000Z
88716582,"NSE:BANKNIFTY, 1m","BANKNIFTY, 1 Crossing Up CPR BY KGS TRICKS PDH Buy: 21544.35",2020-08-04T09:22:08.000Z
88716582,"NSE:BANKNIFTY, 1m","BANKNIFTY, 1 Crossing Up CPR BY KGS TRICKS PDH Buy: 21546.05",2020-08-04T09:21:29.000Z
88716582,"NSE:BANKNIFTY, 1m","BANKNIFTY, 1 Crossing Up CPR BY KGS TRICKS PDH Buy: 21544.9",2020-08-04T09:20:01.000Z
88716582,"NSE:BANKNIFTY, 1m","BANKNIFTY, 1 Crossing Up CPR BY KGS TRICKS PDH Buy: 21545.45",2020-08-04T09:19:32.000Z
88716582,"NSE:BANKNIFTY, 1m","BANKNIFTY, 1 Crossing Up CPR BY KGS TRICKS PDH Buy: 21544.6",2020-08-04T09:18:36.000Z
88716582,"NSE:BANKNIFTY, 1m","BANKNIFTY, 1 Crossing Up CPR BY KGS TRICKS PDH Buy: 21544.25",2020-08-04T09:17:58.000Z
88716582,"NSE:BANKNIFTY, 1m","BANKNIFTY, 1 Crossing Up CPR BY KGS TRICKS PDH Buy: 21544.85",2020-08-04T09:15:14.000Z
88716582,"NSE:BANKNIFTY, 1m","BANKNIFTY, 1 Crossing Up CPR BY KGS TRICKS PDH Buy: 21544.35",2020-08-04T09:14:39.000Z
88716582,"NSE:BANKNIFTY, 1m","BANKNIFTY, 1 Crossing Up CPR BY KGS TRICKS PDH Buy: 21552",2020-08-04T09:09:34.000Z
88711762,"NSE:BANKNIFTY, 1m","BANKNIFTY, 1 Crossing Up CPR BY KGS TRICKS R1 21442.5",2020-08-04T08:49:04.000Z
88711762,"NSE:BANKNIFTY, 1m","BANKNIFTY, 1 Crossing Up CPR BY KGS TRICKS R1 21443.35",2020-08-04T08:48:31.000Z
88722057,"NSE:BANKNIFTY, 1m","BANKNIFTY, 1 Crossing Down CPR BY KGS TRICKS R1 21440.95",2020-08-04T08:48:25.000Z
88722057,"NSE:BANKNIFTY, 1m","BANKNIFTY, 1 Crossing Down CPR BY KGS TRICKS R1 21440.95",2020-08-04T08:46:03.000Z
88711762,"NSE:BANKNIFTY, 1m","BANKNIFTY, 1 Crossing Up CPR BY KGS TRICKS R1 21442.4",2020-08-04T08:46:01.000Z
88711762,"NSE:BANKNIFTY, 1m","BANKNIFTY, 1 Crossing Up CPR BY KGS TRICKS R1 21443.1",2020-08-04T08:34:09.000Z
88722057,"NSE:BANKNIFTY, 1m","BANKNIFTY, 1 Crossing Down CPR BY KGS TRICKS R1 21441.2",2020-08-04T08:34:00.000Z
88711762,"NSE:BANKNIFTY, 1m","BANKNIFTY, 1 Crossing Up CPR BY KGS TRICKS R1 21442.5",2020-08-04T08:33:37.000Z
88722057,"NSE:BANKNIFTY, 1m","BANKNIFTY, 1 Crossing Down CPR BY KGS TRICKS R1 21440.2",2020-08-04T08:33:11.000Z
88722057,"NSE:BANKNIFTY, 1m","BANKNIFTY, 1 Crossing Down CPR BY KGS TRICKS R1 21440.3",2020-08-04T08:30:26.000Z
88711762,"NSE:BANKNIFTY, 1m","BANKNIFTY, 1 Crossing Up CPR BY KGS TRICKS R1 21445.1",2020-08-04T08:30:24.000Z
88711762,"NSE:BANKNIFTY, 1m","BANKNIFTY, 1 Crossing Up CPR BY KGS TRICKS R1 21443",2020-08-04T08:07:31.000Z
88722057,"NSE:BANKNIFTY, 1m","BANKNIFTY, 1 Crossing Down CPR BY KGS TRICKS R1 21440.5",2020-08-04T08:07:29.000Z
88711762,"NSE:BANKNIFTY, 1m","BANKNIFTY, 1 Crossing Up CPR BY KGS TRICKS R1 21445.7",2020-08-04T08:06:14.000Z
88722057,"NSE:BANKNIFTY, 1m","BANKNIFTY, 1 Crossing Down CPR BY KGS TRICKS R1 21442.15",2020-08-04T08:06:12.000Z
88711762,"NSE:BANKNIFTY, 1m","BANKNIFTY, 1 Crossing Up CPR BY KGS TRICKS R1 21445.4",2020-08-04T07:45:23.000Z
88722057,"NSE:BANKNIFTY, 1m","BANKNIFTY, 1 Crossing Down CPR BY KGS TRICKS R1 21436",2020-08-04T07:42:21.000Z
88711762,"NSE:BANKNIFTY, 1m","BANKNIFTY, 1 Crossing Up CPR BY KGS TRICKS R1 21442.55",2020-08-04T07:42:19.000Z
88722057,"NSE:BANKNIFTY, 1m","BANKNIFTY, 1 Crossing Down CPR BY KGS TRICKS R1 21440.75",2020-08-04T07:41:44.000Z
88711762,"NSE:BANKNIFTY, 1m","BANKNIFTY, 1 Crossing Up CPR BY KGS TRICKS R1 21442.95",2020-08-04T07:39:21.000Z
88722057,"NSE:BANKNIFTY, 1m","BANKNIFTY, 1 Crossing Down CPR BY KGS TRICKS R1 21438.5",2020-08-04T07:00:57.000Z
88711762,"NSE:BANKNIFTY, 1m","BANKNIFTY, 1 Crossing Up CPR BY KGS TRICKS R1 21442.35",2020-08-04T07:00:55.000Z
88711762,"NSE:BANKNIFTY, 1m","BANKNIFTY, 1 Crossing Up CPR BY KGS TRICKS R1 21443.55",2020-08-04T06:45:32.000Z
88722057,"NSE:BANKNIFTY, 1m","BANKNIFTY, 1 Crossing Down CPR BY KGS TRICKS R1 21442.05",2020-08-04T06:45:30.000Z
88722057,"NSE:BANKNIFTY, 1m","BANKNIFTY, 1 Crossing Down CPR BY KGS TRICKS R1 21440.55",2020-08-04T06:40:08.000Z
88711762,"NSE:BANKNIFTY, 1m","BANKNIFTY, 1 Crossing Up CPR BY KGS TRICKS R1 21442.75",2020-08-04T06:40:06.000Z
88722057,"NSE:BANKNIFTY, 1m","BANKNIFTY, 1 Crossing Down CPR BY KGS TRICKS R1 21441.65",2020-08-04T06:39:04.000Z
88711762,"NSE:BANKNIFTY, 1m","BANKNIFTY, 1 Crossing Up CPR BY KGS TRICKS R1 21442.65",2020-08-04T06:39:02.000Z
88711762,"NSE:BANKNIFTY, 1m","BANKNIFTY, 1 Crossing Up CPR BY KGS TRICKS R1 21443.5",2020-08-04T06:29:37.000Z
88722057,"NSE:BANKNIFTY, 1m","BANKNIFTY, 1 Crossing Down CPR BY KGS TRICKS R1 21442.2",2020-08-04T06:29:35.000Z
88722057,"NSE:BANKNIFTY, 1m","BANKNIFTY, 1 Crossing Down CPR BY KGS TRICKS R1 21441.5",2020-08-04T06:28:21.000Z
88711762,"NSE:BANKNIFTY, 1m","BANKNIFTY, 1 Crossing Up CPR BY KGS TRICKS R1 21442.3",2020-08-04T06:28:19.000Z
88722057,"NSE:BANKNIFTY, 1m","BANKNIFTY, 1 Crossing Down CPR BY KGS TRICKS R1 21438.45",2020-08-04T06:22:22.000Z
88711762,"NSE:BANKNIFTY, 1m","BANKNIFTY, 1 Crossing Up CPR BY KGS TRICKS R1 21442.45",2020-08-04T06:22:20.000Z
88722057,"NSE:BANKNIFTY, 1m","BANKNIFTY, 1 Crossing Down CPR BY KGS TRICKS R1 21432.9",2020-08-04T06:19:07.000Z
88722057,"NSE:BANKNIFTY, 1m","BANKNIFTY, 1 Crossing Down CPR BY KGS TRICKS R1 21442.1",2020-08-04T06:13:03.000Z
88711762,"NSE:BANKNIFTY, 1m","BANKNIFTY, 1 Crossing Up CPR BY KGS TRICKS R1 21443.25",2020-08-04T06:13:00.000Z
88711762,"NSE:BANKNIFTY, 1m","BANKNIFTY, 1 Crossing Up CPR BY KGS TRICKS R1 21444.3",2020-08-04T06:12:07.000Z
88722057,"NSE:BANKNIFTY, 1m","BANKNIFTY, 1 Crossing Down CPR BY KGS TRICKS R1 21441.75",2020-08-04T06:12:05.000Z
88711762,"NSE:BANKNIFTY, 1m","BANKNIFTY, 1 Crossing Up CPR BY KGS TRICKS R1 21444.75",2020-08-04T06:09:12.000Z
88722057,"NSE:BANKNIFTY, 1m","BANKNIFTY, 1 Crossing Down CPR BY KGS TRICKS R1 21441.8",2020-08-04T06:09:10.000Z
88722057,"NSE:BANKNIFTY, 1m","BANKNIFTY, 1 Crossing Down CPR BY KGS TRICKS R1 21438.5",2020-08-04T06:08:29.000Z
88711762,"NSE:BANKNIFTY, 1m","BANKNIFTY, 1 Crossing Up CPR BY KGS TRICKS R1 21442.3",2020-08-04T06:08:26.000Z
88711762,"NSE:BANKNIFTY, 1m","BANKNIFTY, 1 Crossing Up CPR BY KGS TRICKS R1 21443",2020-08-04T06:05:38.000Z
88722057,"NSE:BANKNIFTY, 1m","BANKNIFTY, 1 Crossing Down CPR BY KGS TRICKS R1 21441.55",2020-08-04T06:05:35.000Z
88722057,"NSE:BANKNIFTY, 1m","BANKNIFTY, 1 Crossing Down CPR BY KGS TRICKS R1 21442.15",2020-08-04T06:00:01.000Z
88711762,"NSE:BANKNIFTY, 1m","BANKNIFTY, 1 Crossing Up CPR BY KGS TRICKS R1 21443.4",2020-08-04T06:00:00.000Z
88722057,"NSE:BANKNIFTY, 1m","BANKNIFTY, 1 Crossing Down CPR BY KGS TRICKS R1 21441.9",2020-08-04T05:59:59.000Z
88711762,"NSE:BANKNIFTY, 1m","BANKNIFTY, 1 Crossing Up CPR BY KGS TRICKS R1 21444.3",2020-08-04T05:59:57.000Z
88711762,"NSE:BANKNIFTY, 1m","BANKNIFTY, 1 Crossing Up CPR BY KGS TRICKS R1 21442.65",2020-08-04T05:56:34.000Z
88722057,"NSE:BANKNIFTY, 1m","BANKNIFTY, 1 Crossing Down CPR BY KGS TRICKS R1 21441.5",2020-08-04T05:56:32.000Z
88711762,"NSE:BANKNIFTY, 1m","BANKNIFTY, 1 Crossing Up CPR BY KGS TRICKS R1 21445.1",2020-08-04T05:55:11.000Z
88722057,"NSE:BANKNIFTY, 1m","BANKNIFTY, 1 Crossing Down CPR BY KGS TRICKS R1 21442.1",2020-08-04T05:55:09.000Z
88711762,"NSE:BANKNIFTY, 1m","BANKNIFTY, 1 Crossing Up CPR BY KGS TRICKS R1 21451",2020-08-04T05:53:30.000Z
88722057,"NSE:BANKNIFTY, 1m","BANKNIFTY, 1 Crossing Down CPR BY KGS TRICKS R1 21441",2020-08-04T05:23:35.000Z
88711762,"NSE:BANKNIFTY, 1m","BANKNIFTY, 1 Crossing Up CPR BY KGS TRICKS R1 21443.2",2020-08-04T05:23:33.000Z
88721607,"NSE:BANKNIFTY, 1m","BANKNIFTY, 1 Crossing Up CPR BY KGS TRICKS S1 21244.6",2020-08-04T03:45:01.000Z
88721944,"NSE:BANKNIFTY, 1m","BANKNIFTY, 1 Crossing Up CPR BY KGS TRICKS PDL 21244.6",2020-08-04T03:45:01.000Z
88721944,"NSE:BANKNIFTY, 1m","BANKNIFTY, 1 Crossing Up CPR BY KGS TRICKS PDL 21377.95",2020-08-03T05:08:28.000Z
88718783,"NSE:BANKNIFTY, 1m","BANKNIFTY, 1 Crossing Down CPR BY KGS TRICKS PDL 21374.5",2020-08-03T05:08:26.000Z
88718783,"NSE:BANKNIFTY, 1m","BANKNIFTY, 1 Crossing Down CPR BY KGS TRICKS PDL 21374.7",2020-08-03T05:07:12.000Z
88721944,"NSE:BANKNIFTY, 1m","BANKNIFTY, 1 Crossing Up CPR BY KGS TRICKS PDL 21375.3",2020-08-03T05:07:10.000Z
88718783,"NSE:BANKNIFTY, 1m","BANKNIFTY, 1 Crossing Down CPR BY KGS TRICKS PDL 21373.4",2020-08-03T05:06:10.000Z
88721944,"NSE:BANKNIFTY, 1m","BANKNIFTY, 1 Crossing Up CPR BY KGS TRICKS PDL 21375.75",2020-08-03T05:06:07.000Z
88718783,"NSE:BANKNIFTY, 1m","BANKNIFTY, 1 Crossing Down CPR BY KGS TRICKS PDL 21372.25",2020-08-03T05:05:04.000Z
88721944,"NSE:BANKNIFTY, 1m","BANKNIFTY, 1 Crossing Up CPR BY KGS TRICKS PDL 21375.65",2020-08-03T05:05:02.000Z
88718783,"NSE:BANKNIFTY, 1m","BANKNIFTY, 1 Crossing Down CPR BY KGS TRICKS PDL 21371.5",2020-08-03T05:04:21.000Z
88721944,"NSE:BANKNIFTY, 1m","BANKNIFTY, 1 Crossing Up CPR BY KGS TRICKS PDL 21375.35",2020-08-03T05:04:04.000Z
88718783,"NSE:BANKNIFTY, 1m","BANKNIFTY, 1 Crossing Down CPR BY KGS TRICKS PDL 21373.8",2020-08-03T04:50:17.000Z
88721944,"NSE:BANKNIFTY, 1m","BANKNIFTY, 1 Crossing Up CPR BY KGS TRICKS PDL 21375.55",2020-08-03T04:50:14.000Z
88721944,"NSE:BANKNIFTY, 1m","BANKNIFTY, 1 Crossing Up CPR BY KGS TRICKS PDL 21375.45",2020-08-03T04:48:08.000Z
88718783,"NSE:BANKNIFTY, 1m","BANKNIFTY, 1 Crossing Down CPR BY KGS TRICKS PDL 21373.65",2020-08-03T04:48:06.000Z
88721944,"NSE:BANKNIFTY, 1m","BANKNIFTY, 1 Crossing Up CPR BY KGS TRICKS PDL 21375.05",2020-08-03T04:47:30.000Z
88718783,"NSE:BANKNIFTY, 1m","BANKNIFTY, 1 Crossing Down CPR BY KGS TRICKS PDL 21372",2020-08-03T04:47:23.000Z
88721944,"NSE:BANKNIFTY, 1m","BANKNIFTY, 1 Crossing Up CPR BY KGS TRICKS PDL 21397.3",2020-08-03T04:46:22.000Z
88718783,"NSE:BANKNIFTY, 1m","BANKNIFTY, 1 Crossing Down CPR BY KGS TRICKS PDL 21371.85",2020-08-03T03:59:32.000Z
88721944,"NSE:BANKNIFTY, 1m","BANKNIFTY, 1 Crossing Up CPR BY KGS TRICKS PDL 21375.85",2020-08-03T03:59:30.000Z
88718783,"NSE:BANKNIFTY, 1m","BANKNIFTY, 1 Crossing Down CPR BY KGS TRICKS PDL 21367.35",2020-08-03T03:53:25.000Z
88721944,"NSE:BANKNIFTY, 1m","BANKNIFTY, 1 Crossing Up CPR BY KGS TRICKS PDL 21376.8",2020-08-03T03:53:23.000Z
88718783,"NSE:BANKNIFTY, 1m","BANKNIFTY, 1 Crossing Down CPR BY KGS TRICKS PDL 21374.55",2020-08-03T03:52:14.000Z
88721944,"NSE:BANKNIFTY, 1m","BANKNIFTY, 1 Crossing Up CPR BY KGS TRICKS PDL 21376",2020-08-03T03:52:10.000Z
88718783,"NSE:BANKNIFTY, 1m","BANKNIFTY, 1 Crossing Down CPR BY KGS TRICKS PDL 21374.05",2020-08-03T03:48:15.000Z
88718180,"NSE:BANKNIFTY, 1m","BANKNIFTY, 1 Crossing Down CPR BY KGS TRICKS S1 21410.05",2020-08-03T03:47:10.000Z
88721607,"NSE:BANKNIFTY, 1m","BANKNIFTY, 1 Crossing Up CPR BY KGS TRICKS S1 21417.65",2020-08-03T03:47:06.000Z
88718783,"NSE:BANKNIFTY, 1m","BANKNIFTY, 1 Crossing Down CPR BY KGS TRICKS PDL 21360.6",2020-08-03T03:45:06.000Z
88718180,"NSE:BANKNIFTY, 1m","BANKNIFTY, 1 Crossing Down CPR BY KGS TRICKS S1 21410.8",2020-08-03T03:45:03.000Z
88721944,"NSE:BANKNIFTY, 1m","BANKNIFTY, 1 Crossing Up CPR BY KGS TRICKS PDL 21537.75",2020-08-03T03:45:01.000Z
88718783,"NSE:BANKNIFTY, 1m","BANKNIFTY, 1 Crossing Down CPR BY KGS TRICKS PDL 21543.8",2020-08-03T03:37:23.000Z
88721944,"NSE:BANKNIFTY, 1m","BANKNIFTY, 1 Crossing Up CPR BY KGS TRICKS PDL 21581.9",2020-07-31T09:26:27.000Z
88718783,"NSE:BANKNIFTY, 1m","BANKNIFTY, 1 Crossing Down CPR BY KGS TRICKS PDL 21572.95",2020-07-31T09:23:14.000Z
88721944,"NSE:BANKNIFTY, 1m","BANKNIFTY, 1 Crossing Up CPR BY KGS TRICKS PDL 21581.4",2020-07-31T09:23:10.000Z
88721944,"NSE:BANKNIFTY, 1m","BANKNIFTY, 1 Crossing Up CPR BY KGS TRICKS PDL 21580.9",2020-07-31T09:17:16.000Z
88718783,"NSE:BANKNIFTY, 1m","BANKNIFTY, 1 Crossing Down CPR BY KGS TRICKS PDL 21580.05",2020-07-31T09:17:14.000Z
88721944,"NSE:BANKNIFTY, 1m","BANKNIFTY, 1 Crossing Up CPR BY KGS TRICKS PDL 21586.3",2020-07-31T09:15:54.000Z
88718783,"NSE:BANKNIFTY, 1m","BANKNIFTY, 1 Crossing Down CPR BY KGS TRICKS PDL 21579.5",2020-07-31T09:15:53.000Z
88721944,"NSE:BANKNIFTY, 1m","BANKNIFTY, 1 Crossing Up CPR BY KGS TRICKS PDL 21589.05",2020-07-31T08:27:02.000Z
88718783,"NSE:BANKNIFTY, 1m","BANKNIFTY, 1 Crossing Down CPR BY KGS TRICKS PDL 21578.85",2020-07-31T08:04:07.000Z
88721944,"NSE:BANKNIFTY, 1m","BANKNIFTY, 1 Crossing Up CPR BY KGS TRICKS PDL 21583.85",2020-07-31T08:04:00.000Z
88718783,"NSE:BANKNIFTY, 1m","BANKNIFTY, 1 Crossing Down CPR BY KGS TRICKS PDL 21579.4",2020-07-31T08:03:56.000Z
88721944,"NSE:BANKNIFTY, 1m","BANKNIFTY, 1 Crossing Up CPR BY KGS TRICKS PDL 21581.5",2020-07-31T08:03:50.000Z
88718783,"NSE:BANKNIFTY, 1m","BANKNIFTY, 1 Crossing Down CPR BY KGS TRICKS PDL 21576.65",2020-07-31T08:01:51.000Z
88721944,"NSE:BANKNIFTY, 1m","BANKNIFTY, 1 Crossing Up CPR BY KGS TRICKS PDL 21585.7",2020-07-31T07:53:50.000Z
88718783,"NSE:BANKNIFTY, 1m","BANKNIFTY, 1 Crossing Down CPR BY KGS TRICKS PDL 21565",2020-07-31T07:46:24.000Z
88718783,"NSE:BANKNIFTY, 1m","BANKNIFTY, 1 Crossing Down CPR BY KGS TRICKS PDL 21578.7",2020-07-31T07:30:11.000Z
88721944,"NSE:BANKNIFTY, 1m","BANKNIFTY, 1 Crossing Up CPR BY KGS TRICKS PDL 21582.35",2020-07-31T07:30:04.000Z
88721944,"NSE:BANKNIFTY, 1m","BANKNIFTY, 1 Crossing Up CPR BY KGS TRICKS PDL 21580.3",2020-07-31T07:29:21.000Z
88718783,"NSE:BANKNIFTY, 1m","BANKNIFTY, 1 Crossing Down CPR BY KGS TRICKS PDL 21579.65",2020-07-31T07:29:19.000Z
88718783,"NSE:BANKNIFTY, 1m","BANKNIFTY, 1 Crossing Down CPR BY KGS TRICKS PDL 21579.15",2020-07-31T07:28:58.000Z
88721944,"NSE:BANKNIFTY, 1m","BANKNIFTY, 1 Crossing Up CPR BY KGS TRICKS PDL 21586.4",2020-07-31T07:28:56.000Z
88718783,"NSE:BANKNIFTY, 1m","BANKNIFTY, 1 Crossing Down CPR BY KGS TRICKS PDL 21577.55",2020-07-31T07:12:32.000Z
88718783,"NSE:BANKNIFTY, 1m","BANKNIFTY, 1 Crossing Down CPR BY KGS TRICKS PDL 21579.45",2020-07-31T07:09:05.000Z
88721944,"NSE:BANKNIFTY, 1m","BANKNIFTY, 1 Crossing Up CPR BY KGS TRICKS PDL 21581.25",2020-07-31T07:09:02.000Z
88718783,"NSE:BANKNIFTY, 1m","BANKNIFTY, 1 Crossing Down CPR BY KGS TRICKS PDL 21579.65",2020-07-31T07:08:05.000Z
88721944,"NSE:BANKNIFTY, 1m","BANKNIFTY, 1 Crossing Up CPR BY KGS TRICKS PDL 21580.35",2020-07-31T07:08:02.000Z
88721944,"NSE:BANKNIFTY, 1m","BANKNIFTY, 1 Crossing Up CPR BY KGS TRICKS PDL 21580.4",2020-07-31T07:07:31.000Z
88718783,"NSE:BANKNIFTY, 1m","BANKNIFTY, 1 Crossing Down CPR BY KGS TRICKS PDL 21578.95",2020-07-31T07:07:27.000Z
88721944,"NSE:BANKNIFTY, 1m","BANKNIFTY, 1 Crossing Up CPR BY KGS TRICKS PDL 21587.5",2020-07-31T07:05:37.000Z
88718783,"NSE:BANKNIFTY, 1m","BANKNIFTY, 1 Crossing Down CPR BY KGS TRICKS PDL 21578.15",2020-07-31T07:03:01.000Z
88721944,"NSE:BANKNIFTY, 1m","BANKNIFTY, 1 Crossing Up CPR BY KGS TRICKS PDL 21581.85",2020-07-31T07:03:00.000Z
88721944,"NSE:BANKNIFTY, 1m","BANKNIFTY, 1 Crossing Up CPR BY KGS TRICKS PDL 21581.1",2020-07-31T07:02:25.000Z
88718783,"NSE:BANKNIFTY, 1m","BANKNIFTY, 1 Crossing Down CPR BY KGS TRICKS PDL 21579.4",2020-07-31T07:02:20.000Z
88721944,"NSE:BANKNIFTY, 1m","BANKNIFTY, 1 Crossing Up CPR BY KGS TRICKS PDL 21587.65",2020-07-31T07:00:18.000Z
88721944,"NSE:BANKNIFTY, 1m","BANKNIFTY, 1 Crossing Up CPR BY KGS TRICKS PDL 21580.4",2020-07-31T06:56:03.000Z
88718783,"NSE:BANKNIFTY, 1m","BANKNIFTY, 1 Crossing Down CPR BY KGS TRICKS PDL 21578.2",2020-07-31T06:56:00.000Z
88721944,"NSE:BANKNIFTY, 1m","BANKNIFTY, 1 Crossing Up CPR BY KGS TRICKS PDL 21581.6",2020-07-31T06:55:23.000Z
88718783,"NSE:BANKNIFTY, 1m","BANKNIFTY, 1 Crossing Down CPR BY KGS TRICKS PDL 21580.1",2020-07-31T06:55:20.000Z
88718783,"NSE:BANKNIFTY, 1m","BANKNIFTY, 1 Crossing Down CPR BY KGS TRICKS PDL 21579.3",2020-07-31T06:49:25.000Z
88721944,"NSE:BANKNIFTY, 1m","BANKNIFTY, 1 Crossing Up CPR BY KGS TRICKS PDL 21581.2",2020-07-31T06:49:21.000Z
88718783,"NSE:BANKNIFTY, 1m","BANKNIFTY, 1 Crossing Down CPR BY KGS TRICKS PDL 21579.75",2020-07-31T06:45:28.000Z
88721944,"NSE:BANKNIFTY, 1m","BANKNIFTY, 1 Crossing Up CPR BY KGS TRICKS PDL 21581.15",2020-07-31T06:45:26.000Z
88718783,"NSE:BANKNIFTY, 1m","BANKNIFTY, 1 Crossing Down CPR BY KGS TRICKS PDL 21579.35",2020-07-31T06:43:54.000Z
88721944,"NSE:BANKNIFTY, 1m","BANKNIFTY, 1 Crossing Up CPR BY KGS TRICKS PDL 21582.3",2020-07-31T06:41:08.000Z
88718783,"NSE:BANKNIFTY, 1m","BANKNIFTY, 1 Crossing Down CPR BY KGS TRICKS PDL 21579.15",2020-07-31T06:41:06.000Z
88718783,"NSE:BANKNIFTY, 1m","BANKNIFTY, 1 Crossing Down CPR BY KGS TRICKS PDL 21579.7",2020-07-31T06:40:37.000Z
88721944,"NSE:BANKNIFTY, 1m","BANKNIFTY, 1 Crossing Up CPR BY KGS TRICKS PDL 21580.35",2020-07-31T06:40:34.000Z
88721944,"NSE:BANKNIFTY, 1m","BANKNIFTY, 1 Crossing Up CPR BY KGS TRICKS PDL 21580.5",2020-07-31T05:35:11.000Z
88718783,"NSE:BANKNIFTY, 1m","BANKNIFTY, 1 Crossing Down CPR BY KGS TRICKS PDL 21579.95",2020-07-31T05:35:09.000Z
88718783,"NSE:BANKNIFTY, 1m","BANKNIFTY, 1 Crossing Down CPR BY KGS TRICKS PDL 21580.05",2020-07-31T05:33:17.000Z
88721944,"NSE:BANKNIFTY, 1m","BANKNIFTY, 1 Crossing Up CPR BY KGS TRICKS PDL 21582.65",2020-07-31T05:33:15.000Z
88721944,"NSE:BANKNIFTY, 1m","BANKNIFTY, 1 Crossing Up CPR BY KGS TRICKS PDL 21582.05",2020-07-31T05:32:34.000Z
88718783,"NSE:BANKNIFTY, 1m","BANKNIFTY, 1 Crossing Down CPR BY KGS TRICKS PDL 21574.5",2020-07-31T05:32:31.000Z
88721944,"NSE:BANKNIFTY, 1m","BANKNIFTY, 1 Crossing Up CPR BY KGS TRICKS PDL 21580.2",2020-07-31T05:10:58.000Z
88721944,"NSE:BANKNIFTY, 1m","BANKNIFTY, 1 Crossing Up CPR BY KGS TRICKS PDL 21581.1",2020-07-31T05:09:25.000Z
88718783,"NSE:BANKNIFTY, 1m","BANKNIFTY, 1 Crossing Down CPR BY KGS TRICKS PDL 21579.3",2020-07-31T05:09:11.000Z
88721944,"NSE:BANKNIFTY, 1m","BANKNIFTY, 1 Crossing Up CPR BY KGS TRICKS PDL 21581.25",2020-07-31T05:08:49.000Z
88718783,"NSE:BANKNIFTY, 1m","BANKNIFTY, 1 Crossing Down CPR BY KGS TRICKS PDL 21579.25",2020-07-31T05:08:46.000Z
88721944,"NSE:BANKNIFTY, 1m","BANKNIFTY, 1 Crossing Up CPR BY KGS TRICKS PDL 21581.9",2020-07-31T05:07:22.000Z
88721944,"NSE:BANKNIFTY, 1m","BANKNIFTY, 1 Crossing Up CPR BY KGS TRICKS PDL 21580.2",2020-07-31T05:05:42.000Z
88718783,"NSE:BANKNIFTY, 1m","BANKNIFTY, 1 Crossing Down CPR BY KGS TRICKS PDL 21571.7",2020-07-31T05:05:15.000Z
88721944,"NSE:BANKNIFTY, 1m","BANKNIFTY, 1 Crossing Up CPR BY KGS TRICKS PDL 21581.45",2020-07-31T04:52:51.000Z
88718783,"NSE:BANKNIFTY, 1m","BANKNIFTY, 1 Crossing Down CPR BY KGS TRICKS PDL 21576.55",2020-07-31T04:52:18.000Z
88721944,"NSE:BANKNIFTY, 1m","BANKNIFTY, 1 Crossing Up CPR BY KGS TRICKS PDL 21590",2020-07-31T04:46:23.000Z
88718783,"NSE:BANKNIFTY, 1m","BANKNIFTY, 1 Crossing Down CPR BY KGS TRICKS PDL 21579.25",2020-07-31T04:39:01.000Z
88721944,"NSE:BANKNIFTY, 1m","BANKNIFTY, 1 Crossing Up CPR BY KGS TRICKS PDL 21580.9",2020-07-31T04:39:00.000Z
88721944,"NSE:BANKNIFTY, 1m","BANKNIFTY, 1 Crossing Up CPR BY KGS TRICKS PDL 21582.15",2020-07-31T04:38:08.000Z
88718783,"NSE:BANKNIFTY, 1m","BANKNIFTY, 1 Crossing Down CPR BY KGS TRICKS PDL 21580",2020-07-31T04:38:05.000Z
88718783,"NSE:BANKNIFTY, 1m","BANKNIFTY, 1 Crossing Down CPR BY KGS TRICKS PDL 21580",2020-07-31T04:37:58.000Z
88721944,"NSE:BANKNIFTY, 1m","BANKNIFTY, 1 Crossing Up CPR BY KGS TRICKS PDL 21584.4",2020-07-31T04:37:45.000Z
88721944,"NSE:BANKNIFTY, 1m","BANKNIFTY, 1 Crossing Up CPR BY KGS TRICKS PDL 21582.45",2020-07-31T04:36:30.000Z
88718783,"NSE:BANKNIFTY, 1m","BANKNIFTY, 1 Crossing Down CPR BY KGS TRICKS PDL 21580",2020-07-31T04:36:28.000Z
88718783,"NSE:BANKNIFTY, 1m","BANKNIFTY, 1 Crossing Down CPR BY KGS TRICKS PDL 21573.95",2020-07-31T04:06:08.000Z
88721944,"NSE:BANKNIFTY, 1m","BANKNIFTY, 1 Crossing Up CPR BY KGS TRICKS PDL 21581.35",2020-07-31T04:06:04.000Z
88718783,"NSE:BANKNIFTY, 1m","BANKNIFTY, 1 Crossing Down CPR BY KGS TRICKS PDL 21580",2020-07-31T04:03:07.000Z
88721944,"NSE:BANKNIFTY, 1m","BANKNIFTY, 1 Crossing Up CPR BY KGS TRICKS PDL 21582.9",2020-07-31T04:03:01.000Z
88718783,"NSE:BANKNIFTY, 1m","BANKNIFTY, 1 Crossing Down CPR BY KGS TRICKS PDL 21575.05",2020-07-31T04:01:29.000Z
88718783,"NSE:BANKNIFTY, 1m","BANKNIFTY, 1 Crossing Down CPR BY KGS TRICKS PDL 21576.05",2020-07-31T03:57:21.000Z
88721944,"NSE:BANKNIFTY, 1m","BANKNIFTY, 1 Crossing Up CPR BY KGS TRICKS PDL 21580.8",2020-07-31T03:57:05.000Z
88721607,"NSE:BANKNIFTY, 1m","BANKNIFTY, 1 Crossing Up CPR BY KGS TRICKS S1 21408.5",2020-07-31T03:52:10.000Z
88718180,"NSE:BANKNIFTY, 1m","BANKNIFTY, 1 Crossing Down CPR BY KGS TRICKS S1 21400.95",2020-07-31T03:52:08.000Z
88721607,"NSE:BANKNIFTY, 1m","BANKNIFTY, 1 Crossing Up CPR BY KGS TRICKS S1 21402.9",2020-07-31T03:51:01.000Z
88718180,"NSE:BANKNIFTY, 1m","BANKNIFTY, 1 Crossing Down CPR BY KGS TRICKS S1 21401.85",2020-07-31T03:51:00.000Z
88721607,"NSE:BANKNIFTY, 1m","BANKNIFTY, 1 Crossing Up CPR BY KGS TRICKS S1 21407.5",2020-07-31T03:50:18.000Z
88718180,"NSE:BANKNIFTY, 1m","BANKNIFTY, 1 Crossing Down CPR BY KGS TRICKS S1 21399.4",2020-07-31T03:50:12.000Z
88718783,"NSE:BANKNIFTY, 1m","BANKNIFTY, 1 Crossing Down CPR BY KGS TRICKS PDL 21573.9",2020-07-31T03:45:19.000Z
88721944,"NSE:BANKNIFTY, 1m","BANKNIFTY, 1 Crossing Up CPR BY KGS TRICKS PDL 21713.45",2020-07-31T03:45:01.000Z
88721607,"NSE:BANKNIFTY, 1m","BANKNIFTY, 1 Crossing Up CPR BY KGS TRICKS S1 21713.45",2020-07-31T03:45:01.000Z
88721607,"NSE:BANKNIFTY, 1m","BANKNIFTY, 1 Crossing Up CPR BY KGS TRICKS S1 21868.1",2020-07-30T08:30:37.000Z
88718180,"NSE:BANKNIFTY, 1m","BANKNIFTY, 1 Crossing Down CPR BY KGS TRICKS S1 21862.9",2020-07-30T08:30:31.000Z
88721607,"NSE:BANKNIFTY, 1m","BANKNIFTY, 1 Crossing Up CPR BY KGS TRICKS S1 21868.7",2020-07-30T08:28:16.000Z
88718180,"NSE:BANKNIFTY, 1m","BANKNIFTY, 1 Crossing Down CPR BY KGS TRICKS S1 21863.95",2020-07-30T08:22:01.000Z
88721607,"NSE:BANKNIFTY, 1m","BANKNIFTY, 1 Crossing Up CPR BY KGS TRICKS S1 21866.7",2020-07-30T08:22:00.000Z
88721607,"NSE:BANKNIFTY, 1m","BANKNIFTY, 1 Crossing Up CPR BY KGS TRICKS S1 21866.9",2020-07-30T08:21:42.000Z
88718180,"NSE:BANKNIFTY, 1m","BANKNIFTY, 1 Crossing Down CPR BY KGS TRICKS S1 21856.35",2020-07-30T08:21:35.000Z
88718783,"NSE:BANKNIFTY, 1m","BANKNIFTY, 1 Crossing Down CPR BY KGS TRICKS PDL 21893.35",2020-07-30T08:21:20.000Z
88721944,"NSE:BANKNIFTY, 1m","BANKNIFTY, 1 Crossing Up CPR BY KGS TRICKS PDL 21908.25",2020-07-30T08:06:39.000Z
88718783,"NSE:BANKNIFTY, 1m","BANKNIFTY, 1 Crossing Down CPR BY KGS TRICKS PDL 21905.85",2020-07-30T08:06:36.000Z
88718783,"NSE:BANKNIFTY, 1m","BANKNIFTY, 1 Crossing Down CPR BY KGS TRICKS PDL 21904.65",2020-07-30T07:58:37.000Z
88721944,"NSE:BANKNIFTY, 1m","BANKNIFTY, 1 Crossing Up CPR BY KGS TRICKS PDL 21907.1",2020-07-30T07:58:32.000Z
88718180,"NSE:BANKNIFTY, 1m","BANKNIFTY, 1 Crossing Down CPR BY KGS TRICKS S1 21865.7",2020-07-30T07:52:14.000Z
88721607,"NSE:BANKNIFTY, 1m","BANKNIFTY, 1 Crossing Up CPR BY KGS TRICKS S1 21866.85",2020-07-30T07:52:11.000Z
88718180,"NSE:BANKNIFTY, 1m","BANKNIFTY, 1 Crossing Down CPR BY KGS TRICKS S1 21859.35",2020-07-30T07:51:48.000Z
88721607,"NSE:BANKNIFTY, 1m","BANKNIFTY, 1 Crossing Up CPR BY KGS TRICKS S1 21869.35",2020-07-30T07:50:08.000Z
88718180,"NSE:BANKNIFTY, 1m","BANKNIFTY, 1 Crossing Down CPR BY KGS TRICKS S1 21866.2",2020-07-30T07:50:05.000Z
88721607,"NSE:BANKNIFTY, 1m","BANKNIFTY, 1 Crossing Up CPR BY KGS TRICKS S1 21870.85",2020-07-30T07:49:49.000Z
88718180,"NSE:BANKNIFTY, 1m","BANKNIFTY, 1 Crossing Down CPR BY KGS TRICKS S1 21865.85",2020-07-30T07:49:47.000Z
88718180,"NSE:BANKNIFTY, 1m","BANKNIFTY, 1 Crossing Down CPR BY KGS TRICKS S1 21866.2",2020-07-30T07:46:14.000Z
88721607,"NSE:BANKNIFTY, 1m","BANKNIFTY, 1 Crossing Up CPR BY KGS TRICKS S1 21866.5",2020-07-30T07:46:11.000Z
88718180,"NSE:BANKNIFTY, 1m","BANKNIFTY, 1 Crossing Down CPR BY KGS TRICKS S1 21865.4",2020-07-30T07:45:52.000Z
88718783,"NSE:BANKNIFTY, 1m","BANKNIFTY, 1 Crossing Down CPR BY KGS TRICKS PDL 21903.4",2020-07-30T07:45:06.000Z
88721944,"NSE:BANKNIFTY, 1m","BANKNIFTY, 1 Crossing Up CPR BY KGS TRICKS PDL 21907.7",2020-07-30T07:42:31.000Z
88718783,"NSE:BANKNIFTY, 1m","BANKNIFTY, 1 Crossing Down CPR BY KGS TRICKS PDL 21905.45",2020-07-30T07:42:29.000Z
88718783,"NSE:BANKNIFTY, 1m","BANKNIFTY, 1 Crossing Down CPR BY KGS TRICKS PDL 21905.9",2020-07-30T07:41:39.000Z
88721944,"NSE:BANKNIFTY, 1m","BANKNIFTY, 1 Crossing Up CPR BY KGS TRICKS PDL 21907.95",2020-07-30T07:41:37.000Z
88721944,"NSE:BANKNIFTY, 1m","BANKNIFTY, 1 Crossing Up CPR BY KGS TRICKS PDL 21907",2020-07-30T07:40:12.000Z
88718783,"NSE:BANKNIFTY, 1m","BANKNIFTY, 1 Crossing Down CPR BY KGS TRICKS PDL 21905.55",2020-07-30T07:40:10.000Z
88718783,"NSE:BANKNIFTY, 1m","BANKNIFTY, 1 Crossing Down CPR BY KGS TRICKS PDL 21905.7",2020-07-30T07:39:27.000Z
88721944,"NSE:BANKNIFTY, 1m","BANKNIFTY, 1 Crossing Up CPR BY KGS TRICKS PDL 21907.2",2020-07-30T07:39:20.000Z
88718783,"NSE:BANKNIFTY, 1m","BANKNIFTY, 1 Crossing Down CPR BY KGS TRICKS PDL 21900.45",2020-07-30T07:38:40.000Z
88716582,"NSE:BANKNIFTY, 1m","BANKNIFTY, 1 Crossing Up CPR BY KGS TRICKS PDH Buy: 22245.35",2020-07-29T08:30:36.000Z
88716582,"NSE:BANKNIFTY, 1m","BANKNIFTY, 1 Crossing Up CPR BY KGS TRICKS PDH Buy: 22233.15",2020-07-29T08:23:10.000Z
88716582,"NSE:BANKNIFTY, 1m","BANKNIFTY, 1 Crossing Up CPR BY KGS TRICKS PDH Buy: 22235.15",2020-07-29T08:21:21.000Z
88716582,"NSE:BANKNIFTY, 1m","BANKNIFTY, 1 Crossing Up CPR BY KGS TRICKS PDH Buy: 22236.7",2020-07-29T08:20:28.000Z
88716582,"NSE:BANKNIFTY, 1m","BANKNIFTY, 1 Crossing Up CPR BY KGS TRICKS PDH Buy: 22233.6",2020-07-29T08:15:31.000Z
88716582,"NSE:BANKNIFTY, 1m","BANKNIFTY, 1 Crossing Up CPR BY KGS TRICKS PDH Buy: 22233.4",2020-07-29T08:07:59.000Z
88716582,"NSE:BANKNIFTY, 1m","BANKNIFTY, 1 Crossing Up CPR BY KGS TRICKS PDH Buy: 22238",2020-07-29T08:05:30.000Z
88716582,"NSE:BANKNIFTY, 1m","BANKNIFTY, 1 Crossing Up CPR BY KGS TRICKS PDH Buy: 22234.6",2020-07-29T08:04:46.000Z
88716582,"NSE:BANKNIFTY, 1m","BANKNIFTY, 1 Crossing Up CPR BY KGS TRICKS PDH Buy: 22233.45",2020-07-29T07:58:29.000Z
88716582,"NSE:BANKNIFTY, 1m","BANKNIFTY, 1 Crossing Up CPR BY KGS TRICKS PDH Buy: 22234.25",2020-07-29T07:54:46.000Z
88722057,"NSE:BANKNIFTY, 1m","BANKNIFTY, 1 Crossing Down CPR BY KGS TRICKS R1 22334.6",2020-07-29T07:46:13.000Z
88711762,"NSE:BANKNIFTY, 1m","BANKNIFTY, 1 Crossing Up CPR BY KGS TRICKS R1 22340.4",2020-07-29T07:46:11.000Z
88716582,"NSE:BANKNIFTY, 1m","BANKNIFTY, 1 Crossing Up CPR BY KGS TRICKS PDH Buy: 22233.2",2020-07-29T06:00:01.000Z
88716582,"NSE:BANKNIFTY, 1m","BANKNIFTY, 1 Crossing Up CPR BY KGS TRICKS PDH Buy: 22233.1",2020-07-29T05:59:29.000Z
88716582,"NSE:BANKNIFTY, 1m","BANKNIFTY, 1 Crossing Up CPR BY KGS TRICKS PDH Buy: 22234.25",2020-07-29T05:55:46.000Z
88716582,"NSE:BANKNIFTY, 1m","BANKNIFTY, 1 Crossing Up CPR BY KGS TRICKS PDH Buy: 22236.8",2020-07-29T05:54:39.000Z
88716582,"NSE:BANKNIFTY, 1m","BANKNIFTY, 1 Crossing Up CPR BY KGS TRICKS PDH Buy: 22233.85",2020-07-29T05:53:17.000Z
88716582,"NSE:BANKNIFTY, 1m","BANKNIFTY, 1 Crossing Up CPR BY KGS TRICKS PDH Buy: 22234",2020-07-29T05:52:05.000Z
88716582,"NSE:BANKNIFTY, 1m","BANKNIFTY, 1 Crossing Up CPR BY KGS TRICKS PDH Buy: 22234.4",2020-07-29T05:51:20.000Z
88716582,"NSE:BANKNIFTY, 1m","BANKNIFTY, 1 Crossing Up CPR BY KGS TRICKS PDH Buy: 22235.2",2020-07-29T04:06:33.000Z
88716582,"NSE:BANKNIFTY, 1m","BANKNIFTY, 1 Crossing Up CPR BY KGS TRICKS PDH Buy: 22234.5",2020-07-29T04:05:02.000Z
88716582,"NSE:BANKNIFTY, 1m","BANKNIFTY, 1 Crossing Up CPR BY KGS TRICKS PDH Buy: 22235.3",2020-07-29T04:04:59.000Z
88716582,"NSE:BANKNIFTY, 1m","BANKNIFTY, 1 Crossing Up CPR BY KGS TRICKS PDH Buy: 22235.35",2020-07-29T04:01:06.000Z
88716582,"NSE:BANKNIFTY, 1m","BANKNIFTY, 1 Crossing Up CPR BY KGS TRICKS PDH Buy: 22234.35",2020-07-29T04:00:21.000Z
88716582,"NSE:BANKNIFTY, 1m","BANKNIFTY, 1 Crossing Up CPR BY KGS TRICKS PDH Buy: 22233.05",2020-07-29T03:59:08.000Z
88716582,"NSE:BANKNIFTY, 1m","BANKNIFTY, 1 Crossing Up CPR BY KGS TRICKS PDH Buy: 22233.7",2020-07-29T03:58:30.000Z
88716582,"NSE:BANKNIFTY, 1m","BANKNIFTY, 1 Crossing Up CPR BY KGS TRICKS PDH Buy: 22234.95",2020-07-29T03:57:00.000Z
88716582,"NSE:BANKNIFTY, 1m","BANKNIFTY, 1 Crossing Up CPR BY KGS TRICKS PDH Buy: 22234.2",2020-07-29T03:56:39.000Z
88716582,"NSE:BANKNIFTY, 1m","BANKNIFTY, 1 Crossing Up CPR BY KGS TRICKS PDH Buy: 22237.15",2020-07-29T03:55:03.000Z
88716582,"NSE:BANKNIFTY, 1m","BANKNIFTY, 1 Crossing Up CPR BY KGS TRICKS PDH Buy: 22237.05",2020-07-29T03:54:51.000Z
88722973,"NSE:BANKNIFTY, 1m","BANKNIFTY, 1 Crossing Down CPR BY KGS TRICKS PDH 22232.75",2020-07-29T03:47:20.000Z
88716582,"NSE:BANKNIFTY, 1m","BANKNIFTY, 1 Crossing Up CPR BY KGS TRICKS PDH Buy: 22239.95",2020-07-29T03:47:03.000Z
88718783,"NSE:BANKNIFTY, 1m","BANKNIFTY, 1 Crossing Down CPR BY KGS TRICKS PDL 21797.7",2020-07-28T06:17:28.000Z
88721944,"NSE:BANKNIFTY, 1m","BANKNIFTY, 1 Crossing Up CPR BY KGS TRICKS PDL 21802.95",2020-07-28T06:17:25.000Z
88718783,"NSE:BANKNIFTY, 1m","BANKNIFTY, 1 Crossing Down CPR BY KGS TRICKS PDL 21800.7",2020-07-28T06:14:20.000Z
88721944,"NSE:BANKNIFTY, 1m","BANKNIFTY, 1 Crossing Up CPR BY KGS TRICKS PDL 21801.65",2020-07-28T06:14:18.000Z
88718783,"NSE:BANKNIFTY, 1m","BANKNIFTY, 1 Crossing Down CPR BY KGS TRICKS PDL 21800",2020-07-28T06:13:47.000Z
88721944,"NSE:BANKNIFTY, 1m","BANKNIFTY, 1 Crossing Up CPR BY KGS TRICKS PDL 21801.7",2020-07-28T06:13:45.000Z
88718783,"NSE:BANKNIFTY, 1m","BANKNIFTY, 1 Crossing Down CPR BY KGS TRICKS PDL 21799.5",2020-07-28T06:12:06.000Z
88718783,"NSE:BANKNIFTY, 1m","BANKNIFTY, 1 Crossing Down CPR BY KGS TRICKS PDL 21801.05",2020-07-28T06:11:36.000Z
88721944,"NSE:BANKNIFTY, 1m","BANKNIFTY, 1 Crossing Up CPR BY KGS TRICKS PDL 21801.6",2020-07-28T06:11:32.000Z
88721944,"NSE:BANKNIFTY, 1m","BANKNIFTY, 1 Crossing Up CPR BY KGS TRICKS PDL 21801.75",2020-07-28T05:56:29.000Z
88718783,"NSE:BANKNIFTY, 1m","BANKNIFTY, 1 Crossing Down CPR BY KGS TRICKS PDL 21800.95",2020-07-28T05:56:27.000Z
88718783,"NSE:BANKNIFTY, 1m","BANKNIFTY, 1 Crossing Down CPR BY KGS TRICKS PDL 21799.75",2020-07-28T05:47:40.000Z
88721944,"NSE:BANKNIFTY, 1m","BANKNIFTY, 1 Crossing Up CPR BY KGS TRICKS PDL 21802.85",2020-07-28T05:47:38.000Z
88718783,"NSE:BANKNIFTY, 1m","BANKNIFTY, 1 Crossing Down CPR BY KGS TRICKS PDL 21800.7",2020-07-28T05:40:57.000Z
88721944,"NSE:BANKNIFTY, 1m","BANKNIFTY, 1 Crossing Up CPR BY KGS TRICKS PDL 21806.75",2020-07-28T05:40:47.000Z
88721944,"NSE:BANKNIFTY, 1m","BANKNIFTY, 1 Crossing Up CPR BY KGS TRICKS PDL 21801.4",2020-07-28T04:37:23.000Z
88718783,"NSE:BANKNIFTY, 1m","BANKNIFTY, 1 Crossing Down CPR BY KGS TRICKS PDL 21800.95",2020-07-28T04:37:19.000Z
88721607,"NSE:BANKNIFTY, 1m","BANKNIFTY, 1 Crossing Up CPR BY KGS TRICKS S1 21943.05",2020-07-28T03:45:01.000Z
88721944,"NSE:BANKNIFTY, 1m","BANKNIFTY, 1 Crossing Up CPR BY KGS TRICKS PDL 21943.05",2020-07-28T03:45:01.000Z
88718783,"NSE:BANKNIFTY, 1m","BANKNIFTY, 1 Crossing Down CPR BY KGS TRICKS PDL 22416.8",2020-07-27T03:48:55.000Z
88721607,"NSE:BANKNIFTY, 1m","BANKNIFTY, 1 Crossing Up CPR BY KGS TRICKS S1 22444.3",2020-07-27T03:48:20.000Z
88718180,"NSE:BANKNIFTY, 1m","BANKNIFTY, 1 Crossing Down CPR BY KGS TRICKS S1 22439.5",2020-07-27T03:48:17.000Z
88721607,"NSE:BANKNIFTY, 1m","BANKNIFTY, 1 Crossing Up CPR BY KGS TRICKS S1 22448.5",2020-07-27T03:46:23.000Z
88718180,"NSE:BANKNIFTY, 1m","BANKNIFTY, 1 Crossing Down CPR BY KGS TRICKS S1 22440.3",2020-07-27T03:46:20.000Z
88721944,"NSE:BANKNIFTY, 1m","BANKNIFTY, 1 Crossing Up CPR BY KGS TRICKS PDL 22652.4",2020-07-27T03:45:01.000Z
88721607,"NSE:BANKNIFTY, 1m","BANKNIFTY, 1 Crossing Up CPR BY KGS TRICKS S1 22652.4",2020-07-27T03:45:01.000Z
88721944,"NSE:BANKNIFTY, 1m","BANKNIFTY, 1 Crossing Up CPR BY KGS TRICKS PDL 22739.1",2020-07-24T09:02:11.000Z
88718783,"NSE:BANKNIFTY, 1m","BANKNIFTY, 1 Crossing Down CPR BY KGS TRICKS PDL 22733.75",2020-07-24T09:02:08.000Z
88718783,"NSE:BANKNIFTY, 1m","BANKNIFTY, 1 Crossing Down CPR BY KGS TRICKS PDL 22734.75",2020-07-24T09:01:54.000Z
88721944,"NSE:BANKNIFTY, 1m","BANKNIFTY, 1 Crossing Up CPR BY KGS TRICKS PDL 22736",2020-07-24T09:01:03.000Z
88718783,"NSE:BANKNIFTY, 1m","BANKNIFTY, 1 Crossing Down CPR BY KGS TRICKS PDL 22731.5",2020-07-24T09:00:54.000Z
88721944,"NSE:BANKNIFTY, 1m","BANKNIFTY, 1 Crossing Up CPR BY KGS TRICKS PDL 22735.45",2020-07-24T09:00:53.000Z
88718689,"NSE:BANKNIFTY, 1m","BANKNIFTY, 1 Crossing Down CPR BY KGS TRICKS S2 22592.5",2020-07-24T08:25:34.000Z